sample-id	input	filtered	percentage of input passed filter	denoised	merged	percentage of input merged	non-chimeric	percentage of input non-chimeric
#q2:types	numeric	numeric	numeric	numeric	numeric	numeric	numeric	numeric
ERR4613277	128578	121585	94.56	114348	103927	80.83	103180	80.25
ERR4613278	365036	343809	94.18	338550	323677	88.67	298944	81.89
ERR4613279	707910	667664	94.31	660044	636977	89.98	595005	84.05
ERR4613280	368498	346288	93.97	341098	327459	88.86	316700	85.94
ERR4613281	742223	696215	93.8	688849	665913	89.72	643746	86.73
ERR4613282	366897	345948	94.29	336747	322274	87.84	316325	86.22
ERR4613283	360627	340362	94.38	332372	317861	88.14	306809	85.08
ERR4613284	341295	321804	94.29	313365	298148	87.36	285460	83.64
ERR4613285	359493	337815	93.97	332076	319445	88.86	306771	85.33
ERR4613286	332244	311611	93.79	308155	299142	90.04	292177	87.94
ERR4613287	339102	319407	94.19	312890	298903	88.15	285316	84.14
ERR4613288	302261	282984	93.62	277139	266048	88.02	257407	85.16
ERR4613289	361089	339664	94.07	334310	321256	88.97	307694	85.21
ERR4613290	372889	351088	94.15	343975	329572	88.38	314600	84.37
ERR4613291	397780	372553	93.66	366698	351949	88.48	335985	84.47
ERR4613292	319395	301326	94.34	295676	283957	88.9	271543	85.02
ERR4613293	339146	320099	94.38	313627	299786	88.39	285877	84.29
ERR4613294	582277	549359	94.35	539325	513166	88.13	479923	82.42
ERR4613295	375491	354019	94.28	346228	327876	87.32	302455	80.55
ERR4613296	377815	356025	94.23	349550	332356	87.97	308066	81.54
ERR4613297	374688	353458	94.33	346772	332734	88.8	318435	84.99
ERR4613298	375990	355634	94.59	349018	334665	89.01	317099	84.34
ERR4613299	305560	288728	94.49	284391	273337	89.45	260416	85.23
ERR4613300	344389	326060	94.68	320725	308520	89.58	291646	84.69
ERR4613301	370287	348783	94.19	343055	329049	88.86	308431	83.3
ERR4613302	523755	493787	94.28	486145	465568	88.89	431089	82.31
ERR4613303	380095	358722	94.38	353235	339744	89.38	321924	84.7
ERR4613304	343204	324148	94.45	318611	306004	89.16	292674	85.28
ERR4613305	378685	356632	94.18	350420	335476	88.59	313220	82.71
ERR4613306	130415	123303	94.55	115941	103048	79.02	101139	77.55
ERR4613307	125752	118931	94.58	111907	99671	79.26	98838	78.6
ERR4613308	154732	145451	94	138060	124801	80.66	122906	79.43
ERR4613309	152467	143491	94.11	136116	122307	80.22	120438	78.99
ERR4613310	166531	156994	94.27	145600	129507	77.77	128243	77.01
ERR4613311	197631	186213	94.22	172138	152512	77.17	150893	76.35
ERR4613312	203830	191860	94.13	180404	162812	79.88	160829	78.9
ERR4613313	179011	169104	94.47	159591	143878	80.37	142240	79.46
ERR4613314	302777	283575	93.66	279213	268486	88.67	259366	85.66
ERR4613315	335475	314241	93.67	309114	297288	88.62	286108	85.28
ERR4613316	339653	317556	93.49	311198	298398	87.85	286688	84.41
ERR4613317	317326	296633	93.48	292313	282010	88.87	273940	86.33
ERR4613318	317032	296800	93.62	292884	284191	89.64	274777	86.67
ERR4613319	329085	308045	93.61	304009	294214	89.4	282664	85.89
ERR4613320	329008	307470	93.45	303629	293862	89.32	284673	86.52
ERR4613321	340549	318046	93.39	313261	301888	88.65	290951	85.44
ERR4613322	277025	259937	93.83	255470	246385	88.94	239142	86.33
ERR4613323	297189	277797	93.47	272259	262644	88.38	255639	86.02
ERR4613324	281656	265415	94.23	258312	245058	87.01	234607	83.3
ERR4613325	313619	295479	94.22	288832	276094	88.03	264877	84.46
ERR4613326	282788	264623	93.58	258652	246264	87.08	232558	82.24
ERR4613327	295597	278820	94.32	272989	259757	87.88	246647	83.44
ERR4613328	314656	295787	94	290485	278663	88.56	266490	84.69
ERR4613329	238263	223503	93.81	219134	208704	87.59	197659	82.96
ERR4613330	336732	316747	94.07	308772	290924	86.4	270206	80.24
ERR4613331	306897	288144	93.89	281509	267494	87.16	255218	83.16
ERR4613332	277971	261083	93.92	256024	244340	87.9	233014	83.83
ERR4613333	214976	204195	94.99	189207	171680	79.86	168542	78.4
ERR4613334	334839	315716	94.29	310053	296383	88.52	279248	83.4
ERR4613335	296758	279578	94.21	274322	262385	88.42	246979	83.23
ERR4613336	306891	289847	94.45	283988	269811	87.92	254780	83.02
ERR4613337	315617	297058	94.12	291789	279517	88.56	265483	84.12
ERR4613338	351746	330433	93.94	325180	313282	89.06	299627	85.18
ERR4613339	433599	407457	93.97	401115	385177	88.83	363132	83.75
ERR4613340	320238	302542	94.47	295402	279074	87.15	254147	79.36
ERR4613341	296528	279058	94.11	274416	264516	89.2	251937	84.96
ERR4613342	355143	335600	94.5	329697	315985	88.97	294945	83.05
ERR4613343	153519	145283	94.64	134184	118358	77.1	117228	76.36
ERR4613344	200752	189963	94.63	176558	156469	77.94	155204	77.31
ERR4613345	166640	157949	94.78	147129	130893	78.55	129527	77.73
ERR4613346	151614	143625	94.73	133234	118768	78.34	118067	77.87
ERR4613347	158218	149774	94.66	138743	122685	77.54	121618	76.87
ERR4613348	192087	181591	94.54	169910	151597	78.92	148878	77.51
ERR4613349	155292	147253	94.82	135224	120790	77.78	119143	76.72
ERR4613350	108018	102489	94.88	93420	81749	75.68	79722	73.8
ERR4613351	166073	157867	95.06	144318	127769	76.94	123964	74.64
ERR4613352	113615	107303	94.44	99093	87626	77.13	86842	76.44
ERR4613353	347785	328887	94.57	319548	300512	86.41	281254	80.87
ERR4613354	327524	309295	94.43	302400	288882	88.2	274875	83.93
ERR4613355	355159	335451	94.45	327383	311360	87.67	296060	83.36
ERR4613356	314982	296072	94	289954	276893	87.91	270974	86.03
ERR4613357	308936	290243	93.95	284232	271978	88.04	265847	86.05
ERR4613358	323122	304271	94.17	298035	284480	88.04	276293	85.51
ERR4613359	377146	355956	94.38	346833	328259	87.04	317226	84.11
ERR4613360	328690	309934	94.29	303932	290278	88.31	278043	84.59
ERR4613361	344692	325160	94.33	317798	302541	87.77	292447	84.84
ERR4613362	294053	275951	93.84	270382	258842	88.03	252875	86
ERR4613363	336319	318121	94.59	309700	292310	86.91	273157	81.22
ERR4613364	347536	329039	94.68	320373	302557	87.06	285673	82.2
ERR4613365	328263	309364	94.24	301742	283616	86.4	264943	80.71
ERR4613366	388318	368348	94.86	360425	341837	88.03	318373	81.99
ERR4613367	330111	313191	94.87	304932	286598	86.82	267624	81.07
ERR4613368	316047	299228	94.68	290691	273560	86.56	257022	81.32
ERR4613369	335248	315951	94.24	309525	295482	88.14	280967	83.81
ERR4613370	344548	325019	94.33	315740	298758	86.71	280332	81.36
ERR4613371	344105	324880	94.41	315315	297098	86.34	276478	80.35
ERR4613372	360660	342220	94.89	329135	304110	84.32	274226	76.03
ERR4613373	334432	315752	94.41	311151	301093	90.03	288749	86.34
ERR4613374	330034	312842	94.79	306820	294749	89.31	277203	83.99
ERR4613375	314360	295953	94.14	290099	277935	88.41	263667	83.87
ERR4613376	324888	305898	94.15	300550	290263	89.34	274892	84.61
ERR4613377	305234	287308	94.13	281631	271628	88.99	260029	85.19
ERR4613378	309923	292145	94.26	286995	276759	89.3	263476	85.01
ERR4613379	352015	332525	94.46	326346	313799	89.14	290244	82.45
ERR4613380	603599	568977	94.26	561072	540395	89.53	506098	83.85
ERR4613381	153748	145177	94.43	134592	120753	78.54	119937	78.01
ERR4613382	160495	151706	94.52	141979	127488	79.43	126605	78.88
ERR4613383	116903	110125	94.2	101775	91425	78.21	91040	77.88
ERR4613384	142526	135036	94.74	125613	112728	79.09	112119	78.67
ERR4613385	142526	135111	94.8	125394	112819	79.16	111903	78.51
ERR4613386	143375	135697	94.64	126707	114502	79.86	113516	79.17
ERR4613387	178484	168774	94.56	159985	146401	82.02	144902	81.18
ERR4613388	144075	136027	94.41	125015	110977	77.03	109980	76.34
ERR4613389	184005	173686	94.39	158781	142049	77.2	139835	76
ERR4613390	146818	139437	94.97	127644	111679	76.07	110957	75.57
ERR4613391	216826	205679	94.86	190263	172117	79.38	169818	78.32
ERR4613392	615567	578220	93.93	570753	548721	89.14	524882	85.27
ERR4613393	327457	307534	93.92	301702	289007	88.26	279325	85.3
ERR4613394	673977	633033	93.93	627041	608257	90.25	587252	87.13
ERR4613395	571699	536314	93.81	530456	513315	89.79	497197	86.97
ERR4613396	282535	264087	93.47	260248	251622	89.06	245511	86.9
ERR4613397	608972	570933	93.75	564307	547249	89.86	530572	87.13
ERR4613398	585803	550159	93.92	544035	524930	89.61	502327	85.75
ERR4613399	325840	306021	93.92	300993	288440	88.52	275946	84.69
ERR4613400	580933	544816	93.78	539439	522438	89.93	503291	86.63
ERR4613401	537513	502300	93.45	498316	484652	90.17	476497	88.65
ERR4613402	330927	310451	93.81	305203	292684	88.44	277527	83.86
ERR4613403	285446	268191	93.96	262548	251489	88.1	238358	83.5
ERR4613404	349482	328411	93.97	322299	306352	87.66	281903	80.66
ERR4613405	333729	315652	94.58	308799	293553	87.96	274677	82.31
ERR4613406	301588	283593	94.03	278617	267615	88.74	257893	85.51
ERR4613407	289901	272078	93.85	266700	255493	88.13	246850	85.15
ERR4613408	328507	308550	93.92	302843	290321	88.38	279569	85.1
ERR4613409	285036	267311	93.78	261018	248647	87.23	238607	83.71
ERR4613410	384335	361897	94.16	353415	335526	87.3	311563	81.07
ERR4613411	327960	309730	94.44	302871	287698	87.72	268911	82
ERR4613412	334849	315493	94.22	309417	298046	89.01	285701	85.32
ERR4613413	301932	285104	94.43	278795	267448	88.58	255971	84.78
ERR4613414	335672	316108	94.17	311530	301049	89.69	285973	85.19
ERR4613415	375667	354027	94.24	348076	334754	89.11	315104	83.88
ERR4613416	317678	298493	93.96	293584	282314	88.87	267604	84.24
ERR4613417	410518	387146	94.31	380567	364066	88.68	342682	83.48
ERR4613418	373435	351326	94.08	346053	333254	89.24	314560	84.23
ERR4613419	366053	345989	94.52	341421	331842	90.65	321354	87.79
ERR4613420	141438	133805	94.6	124288	109430	77.37	107425	75.95
ERR4613421	108322	102586	94.7	94903	83345	76.94	82271	75.95
ERR4613422	129260	121877	94.29	113585	100820	78	99833	77.23
ERR4613423	118336	111368	94.11	102837	89709	75.81	88213	74.54
ERR4613424	119601	112630	94.17	105380	94927	79.37	93965	78.57
ERR4613425	136656	128968	94.37	119553	105156	76.95	103188	75.51
ERR4613426	116563	109958	94.33	103619	93376	80.11	92318	79.2
ERR4613427	148227	139765	94.29	132083	119257	80.46	117887	79.53
ERR4613428	336006	316762	94.27	312200	300880	89.55	287427	85.54
ERR4613429	326374	307868	94.33	303708	292804	89.71	278608	85.36
ERR4613430	343299	323248	94.16	318227	305735	89.06	291091	84.79
ERR4613431	410297	385795	94.03	378701	362797	88.42	351069	85.56
ERR4613432	665390	624825	93.9	617837	599072	90.03	577254	86.75
ERR4613433	367585	346826	94.35	340226	327156	89	307997	83.79
ERR4613434	305049	286909	94.05	282184	272145	89.21	262605	86.09
ERR4613435	497270	466940	93.9	461685	446481	89.79	431683	86.81
ERR4613436	354596	334211	94.25	328492	317026	89.4	305743	86.22
ERR4613437	177723	168789	94.97	157698	143023	80.48	141813	79.79
ERR4613438	311887	293312	94.04	288922	279857	89.73	273226	87.6
ERR4613439	291918	274761	94.12	269410	257468	88.2	245657	84.15
ERR4613440	363189	342916	94.42	335124	319243	87.9	301049	82.89
ERR4613441	273131	256418	93.88	251059	239609	87.73	227613	83.33
ERR4613442	272967	258077	94.55	252608	240963	88.28	227693	83.41
ERR4613443	384430	363100	94.45	356599	342806	89.17	326057	84.82
ERR4613444	371002	350367	94.44	343126	326320	87.96	302929	81.65
ERR4613445	354362	334112	94.29	327052	311100	87.79	296650	83.71
ERR4613446	351266	330915	94.21	323762	308923	87.95	297108	84.58
ERR4613447	471254	443825	94.18	435171	413695	87.79	389555	82.66
ERR4613448	377783	357783	94.71	351115	335466	88.8	319071	84.46
ERR4613449	316908	300062	94.68	296181	286440	90.39	260487	82.2
ERR4613450	321083	304421	94.81	298282	285816	89.02	268503	83.62
ERR4613451	312282	294278	94.23	286854	270793	86.71	254698	81.56
ERR4613452	321354	302872	94.25	295697	282687	87.97	270494	84.17
ERR4613453	188034	176848	94.05	173487	166598	88.6	164852	87.67
ERR4613454	316415	299280	94.58	294176	282516	89.29	267237	84.46
ERR4613455	399606	376507	94.22	369853	355202	88.89	341435	85.44
ERR4613456	324959	306285	94.25	300973	291312	89.65	281933	86.76
ERR4613457	387696	367008	94.66	359924	345120	89.02	327884	84.57
ERR4613458	331740	312354	94.16	307306	298248	89.9	287702	86.73
ERR4613459	353267	332896	94.23	325664	311203	88.09	297470	84.21
ERR4613460	276402	259769	93.98	255026	244795	88.56	236280	85.48
ERR4613461	300124	281463	93.78	276674	266963	88.95	258413	86.1
ERR4613462	332219	312266	93.99	306738	295020	88.8	284064	85.51
ERR4613463	267760	251720	94.01	246510	236480	88.32	231437	86.43
ERR4613464	343075	322328	93.95	317187	308005	89.78	300707	87.65
ERR4613465	334346	314367	94.02	309539	299176	89.48	290052	86.75
ERR4613466	152530	144524	94.75	135953	124971	81.93	124275	81.48
ERR4613467	281321	263559	93.69	260278	252550	89.77	246998	87.8
ERR4613468	384633	362559	94.26	355952	340662	88.57	318281	82.75
ERR4613469	324902	305941	94.16	299692	285223	87.79	267836	82.44
ERR4613470	393974	369798	93.86	362647	344572	87.46	325572	82.64
ERR4613471	317642	299592	94.32	293819	280361	88.26	264066	83.13
ERR4613472	449382	423297	94.2	416000	398538	88.69	378616	84.25
ERR4613473	382481	360135	94.16	354916	340761	89.09	322440	84.3
ERR4613474	388352	366793	94.45	358400	339495	87.42	316420	81.48
ERR4613475	356003	335126	94.14	327732	311056	87.37	295578	83.03
ERR4613476	395951	373626	94.36	365922	349167	88.18	327419	82.69
ERR4613477	164760	156453	94.96	146274	133302	80.91	131916	80.07
ERR4613478	424742	402644	94.8	394301	374245	88.11	347061	81.71
ERR4613479	382346	360942	94.4	354006	339646	88.83	326304	85.34
ERR4613480	398797	376810	94.49	370029	356067	89.29	344301	86.33
ERR4613481	178706	167470	93.71	163592	157037	87.87	152495	85.33
ERR4613482	435022	409315	94.09	401993	385646	88.65	366126	84.16
ERR4613483	342413	322037	94.05	315059	300826	87.85	287410	83.94
ERR4613484	257039	241776	94.06	236739	226317	88.05	215612	83.88
ERR4613485	299184	281627	94.13	275263	263682	88.13	253092	84.59
ERR4613486	182671	172976	94.69	160315	145327	79.56	143984	78.82
ERR4613487	472750	445783	94.3	438279	422983	89.47	407202	86.13
ERR4613488	146127	137790	94.29	128750	112965	77.31	111657	76.41
ERR4613489	164894	155767	94.46	144666	125225	75.94	123973	75.18
ERR4613490	163101	153500	94.11	141629	122121	74.87	120618	73.95
ERR4613491	198668	188314	94.79	176542	157469	79.26	155403	78.22
ERR4613492	181333	172886	95.34	163317	148997	82.17	139774	77.08
ERR4613493	149499	141147	94.41	132146	116304	77.8	115464	77.23
ERR4613494	250445	235596	94.07	221088	193138	77.12	188985	75.46
ERR4613495	161020	151569	94.13	140891	124217	77.14	122890	76.32
ERR4613496	222126	209572	94.35	197672	175989	79.23	173430	78.08
ERR4613497	171387	162725	94.95	149977	134991	78.76	133579	77.94
ERR4613498	164478	155830	94.74	145162	127815	77.71	126345	76.82
ERR4613499	184039	174542	94.84	161471	145546	79.08	143560	78.01
ERR4613500	161866	153550	94.86	142281	128305	79.27	127132	78.54
ERR4613501	219722	205768	93.65	191667	175703	79.97	174098	79.24
ERR4613502	235084	217928	92.7	202603	182218	77.51	179175	76.22
ERR4613503	172868	159127	92.05	148662	133122	77.01	131747	76.21
ERR4613504	202967	188024	92.64	172627	153064	75.41	151542	74.66
ERR4613505	197343	183274	92.87	168663	150676	76.35	148854	75.43
ERR4613506	143034	131883	92.2	120964	107480	75.14	106554	74.5
ERR4613507	218896	203663	93.04	187762	168471	76.96	166524	76.07
ERR4613508	210435	195311	92.81	179015	157877	75.02	155713	74
ERR4613509	150125	137702	91.72	126025	111774	74.45	110713	73.75
ERR4613510	206170	190821	92.56	174448	154699	75.03	152570	74
ERR4613511	200832	185504	92.37	170418	150869	75.12	149124	74.25
ERR4613512	252322	235020	93.14	231369	223824	88.71	220282	87.3
ERR4613513	259178	243020	93.77	237298	228095	88.01	224016	86.43
ERR4613514	234987	219551	93.43	215776	208777	88.85	205949	87.64
ERR4613515	269834	252582	93.61	248139	240279	89.05	236523	87.66
ERR4613516	246550	229558	93.11	224507	216337	87.75	213035	86.41
ERR4613517	271823	253947	93.42	247620	238175	87.62	233872	86.04
ERR4613518	248361	230888	92.96	227544	220431	88.75	217183	87.45
ERR4613519	248221	231382	93.22	227386	219955	88.61	215518	86.83
ERR4613520	288664	268232	92.92	264730	256113	88.72	251748	87.21
ERR4613521	198556	184416	92.88	181008	174155	87.71	171693	86.47
ERR4613522	192802	179070	92.88	175111	167474	86.86	163545	84.83
ERR4613523	212345	197289	92.91	193142	186213	87.69	183389	86.36
ERR4613524	200890	186059	92.62	182168	175251	87.24	172847	86.04
ERR4613525	203548	188588	92.65	184366	177725	87.31	175526	86.23
ERR4613526	171161	158429	92.56	154989	148238	86.61	144741	84.56
ERR4613527	199013	184501	92.71	181105	174496	87.68	171515	86.18
ERR4613528	200812	186389	92.82	181672	173733	86.52	169952	84.63
ERR4613529	220255	204894	93.03	200180	191759	87.06	187311	85.04
ERR4613530	198484	184907	93.16	182135	177502	89.43	174894	88.11
ERR4613531	183749	170802	92.95	167280	161617	87.96	157598	85.77
ERR4613532	192732	179536	93.15	176492	171307	88.88	166862	86.58
ERR4613533	187467	174556	93.11	172074	167546	89.37	162796	86.84
ERR4613534	190904	177272	92.86	175073	170507	89.32	166893	87.42
ERR4613535	230224	215110	93.44	212401	207113	89.96	201588	87.56
ERR4613536	211076	196821	93.25	194299	188764	89.43	183237	86.81
ERR4613537	197615	184429	93.33	181499	175759	88.94	170996	86.53
ERR4613538	199344	186362	93.49	182243	175607	88.09	170553	85.56
ERR4613539	308249	287711	93.34	282502	271799	88.18	261874	84.96
ERR4613540	207586	192390	92.68	175395	156767	75.52	155255	74.79
ERR4613541	213252	199060	93.34	179908	156897	73.57	155243	72.8
ERR4613542	209633	194214	92.64	177030	156212	74.52	154845	73.86
ERR4613543	180802	168350	93.11	153376	136062	75.25	135042	74.69
ERR4613544	189790	176011	92.74	157852	138067	72.75	137161	72.27
ERR4613545	198563	183149	92.24	165545	146334	73.7	144976	73.01
ERR4613546	189262	174991	92.46	158838	141094	74.55	139759	73.84
ERR4613547	199304	183060	91.85	166719	147201	73.86	145751	73.13
ERR4613548	199501	184112	92.29	167390	148871	74.62	147644	74.01
ERR4613549	205245	190000	92.57	187496	182135	88.74	179283	87.35
ERR4613550	185254	171085	92.35	168611	163679	88.35	161665	87.27
ERR4613551	204902	190046	92.75	187380	182145	88.89	179648	87.68
ERR4613552	237110	219864	92.73	216593	210014	88.57	207115	87.35
ERR4613553	231557	214453	92.61	211875	205998	88.96	203080	87.7
ERR4613554	221365	206452	93.26	203232	197438	89.19	193902	87.59
ERR4613555	200694	187061	93.21	183828	177815	88.6	175219	87.31
ERR4613556	220295	204098	92.65	201489	196267	89.09	193576	87.87
ERR4613557	185193	171805	92.77	169704	165115	89.16	162091	87.53
ERR4613558	189051	175285	92.72	172975	168258	89	165147	87.36
ERR4613559	216936	200773	92.55	198106	191697	88.37	187731	86.54
ERR4613560	203017	188671	92.93	186158	180917	89.11	177517	87.44
ERR4613561	202024	187862	92.99	185640	179852	89.03	176163	87.2
ERR4613562	195677	182047	93.03	179635	173442	88.64	170035	86.9
ERR4613563	190023	175243	92.22	172631	167067	87.92	163462	86.02
ERR4613564	232452	214842	92.42	212441	206782	88.96	202314	87.03
ERR4613565	405247	374831	92.49	370998	359291	88.66	347446	85.74
ERR4613566	192201	177360	92.28	174795	169208	88.04	166105	86.42
ERR4613567	223138	206224	92.42	203756	197248	88.4	192739	86.38
ERR4613568	209309	196010	93.65	186547	175189	83.7	174308	83.28
ERR4613569	196839	183080	93.01	180787	176872	89.86	174037	88.42
ERR4613570	199251	184710	92.7	182527	178625	89.65	175731	88.2
ERR4613571	289519	269173	92.97	266082	260124	89.85	254431	87.88
ERR4613572	233673	216699	92.74	213947	208787	89.35	205137	87.79
ERR4613573	234953	217965	92.77	214564	209057	88.98	205193	87.33
ERR4613574	252327	234596	92.97	230752	223973	88.76	218054	86.42
ERR4613575	357999	328690	91.81	324293	313253	87.5	299547	83.67
ERR4613576	411361	382483	92.98	377297	365567	88.87	350829	85.28
ERR4613577	191075	177432	92.86	174859	170384	89.17	167061	87.43
ERR4613578	209372	195944	93.59	178248	158302	75.61	155325	74.19
ERR4613579	199738	186649	93.45	169726	151601	75.9	149708	74.95
ERR4613580	219085	204493	93.34	185636	165201	75.4	162603	74.22
ERR4613581	215780	201234	93.26	184384	165146	76.53	162646	75.38
ERR4613582	195630	182866	93.48	165967	146655	74.97	144667	73.95
ERR4613583	197398	183900	93.16	168696	150200	76.09	148285	75.12
ERR4613584	210054	195404	93.03	180240	161635	76.95	159065	75.73
ERR4613585	210759	196950	93.45	180941	161561	76.66	159482	75.67
ERR4613586	214484	200127	93.31	184874	166427	77.59	164632	76.76
ERR4613587	192148	179062	93.19	173891	165781	86.28	161612	84.11
ERR4613588	149914	139553	93.09	136302	130037	86.74	126444	84.34
ERR4613589	172062	160393	93.22	156492	149691	87	145133	84.35
ERR4613590	167032	155213	92.92	151408	144591	86.56	141298	84.59
ERR4613591	168646	157004	93.1	152714	145496	86.27	142146	84.29
ERR4613592	260180	242400	93.17	237493	228253	87.73	224435	86.26
ERR4613593	244350	227676	93.18	223293	215638	88.25	211714	86.64
ERR4613594	273792	255394	93.28	249437	238153	86.98	235063	85.85
ERR4613595	216460	202334	93.47	188755	174357	80.55	173258	80.04
ERR4613596	277033	258057	93.15	251644	239770	86.55	235849	85.13
ERR4613597	274714	255896	93.15	249561	239049	87.02	234681	85.43
ERR4613598	232858	215739	92.65	210351	200925	86.29	197974	85.02
ERR4613599	248991	230438	92.55	224647	213793	85.86	210342	84.48
ERR4613600	283807	263928	93	257378	244963	86.31	241139	84.97
ERR4613601	245145	228059	93.03	222196	213045	86.91	210519	85.88
ERR4613602	360962	337573	93.52	330675	317858	88.06	312337	86.53
ERR4613603	266242	248734	93.42	242638	230341	86.52	222620	83.62
ERR4613604	284407	265102	93.21	260406	251216	88.33	248096	87.23
ERR4613605	255040	238233	93.41	231550	220556	86.48	214848	84.24
ERR4613606	252181	235498	93.38	228028	216380	85.8	211724	83.96
ERR4613607	274750	257188	93.61	250839	240616	87.58	234276	85.27
ERR4613608	288003	270608	93.96	263531	251373	87.28	241816	83.96
ERR4613609	247153	232489	94.07	226382	216640	87.65	211100	85.41
ERR4613610	302785	284288	93.89	277007	264216	87.26	254771	84.14
ERR4613611	262203	244325	93.18	239359	230011	87.72	223266	85.15
ERR4613612	248375	231623	93.26	227259	219786	88.49	214357	86.3
ERR4613613	244534	228658	93.51	223083	213479	87.3	205779	84.15
ERR4613614	254308	237874	93.54	232117	222966	87.68	215359	84.68
ERR4613615	284218	265762	93.51	258903	247865	87.21	239515	84.27
ERR4613616	214805	200194	93.2	183929	165463	77.03	164320	76.5
ERR4613617	174180	161575	92.76	147779	130786	75.09	129809	74.53
ERR4613618	213381	198565	93.06	182853	164161	76.93	162231	76.03
ERR4613619	213348	198893	93.22	183839	166438	78.01	164860	77.27
ERR4613620	221850	205754	92.74	191345	173093	78.02	171403	77.26
ERR4613621	213553	199339	93.34	184870	168042	78.69	166578	78
ERR4613622	223770	208800	93.31	194035	176547	78.9	175005	78.21
ERR4613623	218921	203532	92.97	189125	170488	77.88	169286	77.33
ERR4613624	186488	173260	92.91	159556	142967	76.66	141993	76.14
ERR4613625	222047	206240	92.88	191537	173160	77.98	171999	77.46
ERR4613626	216164	202235	93.56	187995	172820	79.95	171563	79.37
ERR4613627	298161	276835	92.85	273214	265941	89.19	261265	87.63
ERR4613628	217360	202666	93.24	199582	193742	89.13	190554	87.67
ERR4613629	215552	200762	93.14	197963	191357	88.78	188059	87.25
ERR4613630	206635	192727	93.27	189983	183569	88.84	180125	87.17
ERR4613631	238988	221438	92.66	218511	211358	88.44	205828	86.12
ERR4613632	224853	208289	92.63	205121	198094	88.1	193224	85.93
ERR4613633	160948	149227	92.72	146614	141585	87.97	138550	86.08
ERR4613634	232780	216240	92.89	213668	207262	89.04	203043	87.23
ERR4613635	157512	145159	92.16	142949	137485	87.29	134735	85.54
ERR4613636	239752	222112	92.64	218333	209351	87.32	204093	85.13
ERR4613637	420374	388238	92.36	385227	373575	88.87	361640	86.03
ERR4613638	197424	182161	92.27	179834	173621	87.94	169974	86.1
ERR4613639	227490	209826	92.24	205909	197493	86.81	193210	84.93
ERR4613640	196715	181476	92.25	177106	169863	86.35	166371	84.57
ERR4613641	214683	198259	92.35	193944	186230	86.75	183493	85.47
ERR4613642	256825	236634	92.14	232965	224478	87.41	221031	86.06
ERR4613643	248826	229713	92.32	225327	216868	87.16	213708	85.89
ERR4613644	231163	212816	92.06	209077	201269	87.07	197885	85.6
ERR4613645	249401	231082	92.65	229054	224208	89.9	220441	88.39
ERR4613646	258222	238172	92.24	235454	230372	89.21	226713	87.8
ERR4613647	268835	249131	92.67	246574	241153	89.7	236605	88.01
ERR4613648	264161	245176	92.81	241155	234613	88.81	229766	86.98
ERR4613649	267548	246625	92.18	243489	237498	88.77	233135	87.14
ERR4613650	335271	311517	92.91	307417	299550	89.35	292690	87.3
ERR4613651	254295	236046	92.82	233049	228068	89.69	223790	88
ERR4613652	243296	225747	92.79	222505	216704	89.07	212871	87.49
ERR4613653	259979	240451	92.49	237073	231091	88.89	228045	87.72
ERR4613654	177613	164290	92.5	161707	157838	88.87	155726	87.68
ERR4613655	228239	211868	92.83	199374	182462	79.94	180481	79.08
ERR4613656	230825	215657	93.43	202670	184960	80.13	182282	78.97
ERR4613657	210127	195051	92.83	184380	169323	80.58	167123	79.53
ERR4613658	199893	186481	93.29	175239	159385	79.74	157522	78.8
ERR4613659	216849	200511	92.47	189859	174465	80.45	172370	79.49
ERR4613660	213015	197484	92.71	186174	170275	79.94	168202	78.96
ERR4613661	214845	199201	92.72	187703	171307	79.74	168994	78.66
ERR4613662	209033	194475	93.04	182713	166216	79.52	163985	78.45
ERR4613663	199314	184896	92.77	173276	156785	78.66	154957	77.75
ERR4613664	209557	196154	93.6	181360	165244	78.85	163807	78.17
ERR4613665	328013	304607	92.86	301006	292554	89.19	288667	88
ERR4613666	284918	264238	92.74	260765	254510	89.33	252260	88.54
ERR4613667	229903	213953	93.06	210311	202525	88.09	199595	86.82
ERR4613668	243195	225746	92.83	222075	215206	88.49	211795	87.09
ERR4613669	226337	209459	92.54	205936	199117	87.97	196284	86.72
ERR4613670	316928	295706	93.3	291554	282763	89.22	277838	87.67
ERR4613671	274748	255914	93.14	250646	240985	87.71	237608	86.48
ERR4613672	277183	257521	92.91	252614	242990	87.66	238988	86.22
ERR4613673	263220	244923	93.05	240954	232544	88.35	227978	86.61
ERR4613674	235888	219649	93.12	215846	208657	88.46	203602	86.31
ERR4613675	299711	278618	92.96	273709	263965	88.07	257983	86.08
ERR4613676	332465	310812	93.49	304120	291862	87.79	282225	84.89
ERR4613677	324271	302687	93.34	297601	287611	88.69	283565	87.45
ERR4613678	289741	270806	93.46	265775	256227	88.43	250814	86.56
ERR4613679	268196	248779	92.76	244068	233967	87.24	226400	84.42
ERR4613680	294146	272893	92.77	267936	257483	87.54	248415	84.45
ERR4613681	258967	240484	92.86	236196	226532	87.48	218688	84.45
ERR4613682	288976	268381	92.87	262276	249651	86.39	240397	83.19
ERR4613683	281036	261441	93.03	254659	242739	86.37	234731	83.52
ERR4613684	269427	250646	93.03	246954	240588	89.3	236765	87.88
ERR4613685	256284	239540	93.47	235101	226917	88.54	218573	85.29
ERR4613686	258143	240151	93.03	236536	227310	88.06	217172	84.13
ERR4613687	244509	227626	93.1	224163	214851	87.87	202744	82.92
ERR4613688	266294	248205	93.21	244742	237326	89.12	229328	86.12
ERR4613689	234080	218116	93.18	215022	208805	89.2	202344	86.44
ERR4613690	182629	170817	93.53	167150	159912	87.56	150964	82.66
ERR4613691	199727	186214	93.23	182788	174685	87.46	164933	82.58
ERR4613692	202339	189474	93.64	185647	177351	87.65	166426	82.25
ERR4613693	216797	200999	92.71	197703	191020	88.11	187966	86.7
ERR4613694	205247	191839	93.47	188309	180308	87.85	170644	83.14
ERR4613695	242944	225728	92.91	221983	215519	88.71	211725	87.15
ERR4613696	230679	214053	92.79	210162	203638	88.28	200187	86.78
ERR4613697	242395	224325	92.55	219647	212407	87.63	209220	86.31
ERR4613698	217450	200876	92.38	197417	191844	88.22	188577	86.72
ERR4613699	242645	224695	92.6	221545	215495	88.81	211636	87.22
ERR4613700	214560	198451	92.49	195121	189352	88.25	186121	86.75
ERR4613701	209854	196072	93.43	182228	166333	79.26	165151	78.7
ERR4613702	244364	226012	92.49	222854	217064	88.83	213381	87.32
ERR4613703	236458	219094	92.66	215457	208605	88.22	204565	86.51
ERR4613704	259080	239150	92.31	235106	227686	87.88	223895	86.42
ERR4613705	250442	232144	92.69	229268	223174	89.11	218576	87.28
ERR4613706	273545	253364	92.62	249966	242916	88.8	237629	86.87
ERR4613707	244850	226184	92.38	222094	214603	87.65	210618	86.02
ERR4613708	246583	229309	92.99	224607	217392	88.16	213568	86.61
ERR4613709	224938	209046	92.93	205098	197986	88.02	194188	86.33
ERR4613710	276731	257566	93.07	252217	242554	87.65	236635	85.51
ERR4613711	230242	213103	92.56	208581	201642	87.58	198482	86.21
ERR4613712	188107	175532	93.31	162776	149646	79.55	148544	78.97
ERR4613713	208659	192807	92.4	189443	183697	88.04	180638	86.57
ERR4613714	281693	261209	92.73	257385	251474	89.27	246239	87.41
ERR4613715	241719	225274	93.2	221134	214907	88.91	207850	85.99
ERR4613716	218802	203110	92.83	200245	196060	89.61	191872	87.69
ERR4613717	261985	244162	93.2	240427	235117	89.74	231027	88.18
ERR4613718	192361	178648	92.87	174513	167447	87.05	159400	82.87
ERR4613719	203477	189138	92.95	184979	177014	86.99	168464	82.79
ERR4613720	231647	215371	92.97	211667	203212	87.72	191269	82.57
ERR4613721	202470	187720	92.71	183289	175555	86.71	166945	82.45
ERR4613722	201092	187298	93.14	182491	174205	86.63	166838	82.97
ERR4613723	217958	203235	93.25	188444	172813	79.29	171134	78.52
ERR4613724	207390	193828	93.46	180385	165735	79.91	163910	79.03
